Wall time,Step,Value
1590787264.145813,0,0.4957445561885834
1590787640.370394,1,0.4061114490032196
1590788027.81282,2,0.5946595668792725
1590788431.27781,3,0.4230406880378723
1590788838.85074,4,0.5794839262962341
1590789250.570611,5,0.44437646865844727
1590789656.782254,6,0.6080111861228943
1590790061.733766,7,0.7909983396530151
1590790465.160258,8,0.877815842628479
1590790873.562479,9,0.8041833639144897
1590791283.23386,10,0.6799829006195068
1590791695.9195,11,0.9520264267921448
1590792110.225558,12,0.7624407410621643
1590792461.191693,13,1.2729566097259521
1590792814.536995,14,1.1530953645706177
1590793219.673223,15,1.0860247611999512
1590793612.040956,16,1.440680980682373
1590794019.910066,17,0.9963191747665405
1590794429.88296,18,0.9532655477523804
1590794839.196506,19,0.8239367604255676
1590795252.746192,20,1.3147568702697754
1590795607.25572,21,1.2827205657958984
1590796006.88651,22,0.9916254878044128
1590796383.937947,23,1.362892985343933
1590796741.914374,24,1.6053624153137207
1590797148.686843,25,1.3644423484802246
1590797555.485553,26,1.854818344116211
1590797966.8592,27,1.7064868211746216
1590798380.424462,28,1.0854400396347046
1590798731.267702,29,1.2676507234573364
1590799084.065097,30,1.4435678720474243
1590799441.029217,31,1.4283156394958496
1590799803.163835,32,1.415647029876709
1590800208.298086,33,1.2754487991333008
1590800616.09748,34,1.1415332555770874
1590801025.053125,35,1.3073464632034302
1590801438.905301,36,1.5569078922271729
1590801805.957796,37,1.393869400024414
1590802184.292052,38,1.2903492450714111
1590802589.344069,39,1.2566673755645752
1590802995.802503,40,1.1506166458129883
1590803385.772292,41,1.5254368782043457
1590803794.123701,42,1.0826473236083984
1590804204.485835,43,1.6248010396957397
1590804621.290662,44,1.4104264974594116
1590804974.722387,45,1.1846542358398438
1590805326.174745,46,1.4862620830535889
1590805679.53842,47,1.6658297777175903
1590806076.515809,48,1.5077790021896362
1590806468.659619,49,1.3303669691085815
1590806878.711605,50,1.0184354782104492
1590807290.209071,51,1.3401232957839966
